mean_radius,mean_texture,malignant
14.86,23.21,1
8.196,16.84,0
11.22,19.86,0
13.53,10.94,0
13.37,16.39,0
14.99,22.11,0
8.598,20.98,0
14.54,27.54,1
12.34,22.22,0
17.3,17.08,1
9.742,19.12,0
18.22,18.7,1
18.61,20.25,1
15.27,12.91,0
12.46,19.89,0
16.78,18.8,1
25.73,17.46,1
13.9,16.62,0
21.1,20.52,1
10.86,21.48,0
17.06,21.0,1
11.2,29.37,0
11.25,14.78,0
11.06,17.12,0
20.55,20.86,1
11.71,16.67,0
13.17,21.81,1
13.2,15.82,0
12.78,16.49,0
15.46,11.89,1
15.05,19.07,1
21.09,26.57,1
18.66,17.12,1
10.25,16.18,0
11.75,17.56,0
11.51,23.93,0
19.19,15.94,1
23.51,24.27,1
15.85,23.95,1
11.52,18.75,0
12.3,15.9,0
14.03,21.25,0
11.08,18.83,1
11.71,15.45,0
17.42,25.56,1
11.74,14.69,0
12.86,18.0,0
12.21,14.09,0
14.44,15.18,0
14.41,19.73,0
17.99,10.38,1
18.46,18.52,1
14.62,24.02,0
11.45,20.97,0
17.68,20.74,1
15.04,16.74,0
13.98,19.62,1
16.69,20.2,1
18.08,21.84,1
14.06,17.18,0
12.89,13.12,0
12.4,17.68,0
11.31,19.04,0
12.83,15.73,0
15.73,11.28,0
11.69,24.44,0
15.61,19.38,1
12.76,13.37,0
13.59,17.84,0
8.734,16.84,0
16.65,21.38,1
13.28,13.72,0
16.3,15.7,0
11.43,15.39,0
12.77,22.47,1
16.74,21.59,1
17.47,24.68,1
14.29,16.82,0
12.94,16.17,0
13.0,25.13,0
11.6,24.49,0
9.029,17.33,0
23.27,22.04,1
19.89,20.26,1
17.35,23.06,1
8.726,15.83,0
17.2,24.52,1
27.42,26.27,1
16.02,23.24,1
18.03,16.85,1
11.61,16.02,0
14.61,15.69,0
9.397,21.68,0
9.295,13.9,0
10.05,17.53,0
12.04,28.14,0
14.87,16.67,1
12.75,16.7,0
17.85,13.23,0
9.0,14.4,0
14.92,14.93,0
11.43,17.31,0
9.904,18.06,0
9.465,21.01,0
9.668,18.1,0
12.16,18.03,0
11.06,14.83,0
13.87,16.21,0
12.98,19.35,0
15.28,22.41,1
17.08,27.15,1
14.26,18.17,0
12.03,17.93,0
18.05,16.15,1
10.51,23.09,0
12.3,19.02,0
23.21,26.97,1
11.27,15.5,0
19.4,23.5,1
20.2,26.83,1
14.86,16.94,0
15.7,20.31,1
19.27,26.47,1
19.55,28.77,1
17.93,24.48,1
11.93,10.91,0
13.62,23.23,0
9.567,15.91,0
20.48,21.46,1
13.77,13.27,0
14.11,12.88,0
27.22,21.87,1
10.82,24.21,0
11.3,18.19,0
14.42,16.54,0
19.02,24.59,1
10.48,14.98,0
8.219,20.7,0
12.65,18.17,0
10.88,15.62,0
17.14,16.4,1
11.8,16.58,1
18.77,21.43,1
12.43,17.0,0
12.18,14.08,0
12.95,16.02,0
6.981,13.43,0
13.46,18.75,0
9.847,15.68,0
11.52,14.93,0
12.56,19.07,0
14.25,22.15,1
18.31,18.58,1
12.87,19.54,0
14.45,20.22,1
12.8,17.46,0
13.69,16.07,0
12.86,13.32,0
9.606,16.84,0
11.76,21.6,0
19.45,19.33,1
13.86,16.93,1
10.8,21.98,0
10.49,18.61,0
13.28,20.28,1
13.34,15.86,0
9.504,12.44,0
11.99,24.89,0
12.0,15.65,0
11.16,21.41,0
14.97,19.76,0
12.49,16.85,0
19.07,24.81,1
13.4,20.52,1
14.74,25.42,0
11.29,13.04,0
13.27,17.02,0
14.58,13.66,0
8.618,11.79,0
16.27,20.71,1
13.03,18.42,0
13.27,14.76,0
13.96,17.05,1
16.14,14.86,0
21.16,23.04,1
12.18,20.52,0
17.99,20.66,1
13.46,28.21,0
9.72,18.22,0
12.89,15.7,0
14.25,21.72,1
13.24,20.13,0
12.87,16.21,0
17.05,19.08,1
12.42,15.04,0
9.436,18.32,0
12.45,16.41,0
19.79,25.12,1
13.45,18.3,0
15.13,29.81,1
18.49,17.52,1
12.77,21.41,0
21.56,22.39,1
12.62,23.97,0
10.57,18.32,0
13.49,22.3,0
11.84,18.94,0
14.53,13.98,0
19.55,23.21,1
11.13,22.44,0
14.9,22.53,1
10.65,25.22,0
12.88,18.22,0
19.69,21.25,1
8.571,13.1,0
11.14,14.07,0
7.691,25.44,0
13.64,15.6,0
20.44,21.78,1
10.29,27.61,0
14.69,13.98,0
14.78,23.94,1
12.1,17.72,0
15.75,20.25,1
12.34,26.86,1
14.19,23.81,1
16.16,21.54,1
11.85,17.46,0
11.66,17.07,0
20.59,21.24,1
9.268,12.87,0
12.06,12.74,0
10.8,9.71,0
13.64,16.34,0
11.8,17.26,0
11.6,18.36,0
19.0,18.91,1
14.26,19.65,0
16.03,15.51,1
16.35,23.29,1
10.49,19.29,0
21.75,20.99,1
10.66,15.15,0
14.4,26.99,0
16.6,28.08,1
11.46,18.16,0
12.47,18.6,0
15.22,30.62,1
12.21,18.02,0
12.89,14.11,0
11.08,14.71,0
13.4,16.95,0
19.17,24.8,1
12.62,17.15,0
11.49,14.59,0
14.47,24.99,0
13.17,18.66,1
9.742,15.67,0
13.87,20.7,0
17.91,21.02,1
14.95,17.57,1
13.81,23.75,1
16.84,19.46,0
11.93,21.53,0
11.76,18.14,1
13.59,21.84,0
12.36,18.54,0
24.63,21.6,1
10.2,17.48,0
12.23,19.56,0
20.58,22.14,1
11.74,14.02,0
18.65,17.6,1
11.71,17.19,0
11.22,33.81,0
20.18,19.54,1
17.27,25.42,1
9.876,19.4,0
10.51,20.19,0
11.5,18.45,0
13.61,24.69,1
11.75,20.18,0
10.6,18.95,0
20.13,28.25,1
18.63,25.11,1
23.29,26.67,1
13.78,15.79,0
14.59,22.68,0
13.14,20.74,0
12.58,18.4,0
13.68,16.33,0
24.25,20.2,1
14.64,16.85,0
19.68,21.68,1
12.54,18.07,0
21.71,17.25,1
11.26,19.96,0
15.53,33.56,1
15.46,19.48,1
11.89,21.17,0
11.34,21.26,0
15.37,22.76,1
14.95,18.77,0
10.03,21.28,0
13.16,20.54,0
9.423,27.88,0
17.46,39.28,1
8.878,15.49,0
11.7,19.11,0
11.27,12.96,0
10.9,12.96,0
14.04,15.98,0
10.44,15.46,0
12.32,12.39,0
16.11,18.05,1
10.95,21.35,1
16.13,20.68,1
15.71,13.93,0
12.47,17.31,0
20.18,23.97,1
10.75,14.97,0
11.67,20.02,0
17.02,23.98,1
17.29,22.13,1
9.405,21.7,0
11.42,20.38,1
20.6,29.33,1
14.27,22.55,1
17.75,28.03,1
13.74,17.91,0
19.53,18.9,1
11.54,14.44,0
20.57,17.77,1
20.26,23.03,1
19.81,22.15,1
12.34,12.27,0
12.25,22.44,0
13.82,24.49,1
12.27,29.97,0
15.78,17.89,1
12.46,12.83,0
